experiment,dataset,split,limit,model,use_definition,k_examples,use_cot,use_candidates,output_format,max_retries,paragraph_size,n,f1_mean,precision_mean,recall_mean,parse_fail_mean,retries_mean,unmatched_mean,unknown_type_mean,elapsed_s_mean,f1_std,precision_std,recall_std,parse_fail_std,retries_std,unmatched_std,unknown_type_std,elapsed_s_std,variant
E10,conll2003,validation,100.0,meta-llama-3.1-8b-instruct,True,5,True,True,text,1,1,1,0.8202247191011236,0.9240506329113924,0.7373737373737373,0.0,0.0,29.0,2.0,0.0,0.0,0.0,0.0,0.0,0.0,0.0,0.0,0.0,p=1
E10,conll2003,validation,100.0,meta-llama-3.1-8b-instruct,True,5,True,True,text,1,2,1,0.8148148148148149,0.934640522875817,0.7222222222222222,0.0,0.0,30.0,6.0,0.0,0.0,0.0,0.0,0.0,0.0,0.0,0.0,0.0,p=2
E10,conll2003,validation,100.0,meta-llama-3.1-8b-instruct,True,5,True,True,text,1,3,1,0.7988505747126436,0.9266666666666666,0.702020202020202,0.0,0.0,26.0,4.0,0.0,0.0,0.0,0.0,0.0,0.0,0.0,0.0,0.0,p=3
E10,conll2003,validation,100.0,meta-llama-3.1-8b-instruct,True,5,True,True,text,1,5,1,0.7223880597014926,0.8832116788321168,0.6111111111111112,0.0,0.0,24.0,8.0,0.0,0.0,0.0,0.0,0.0,0.0,0.0,0.0,0.0,p=5
E4,conll2003,validation,150.0,meta-llama-3.1-8b-instruct,True,5,True,True,text,1,2,3,0.8144130306084897,0.9104679901140078,0.7367149758454107,0.0,0.0,30.333333333333332,7.666666666666667,1111.0333333333333,0.002840620039682419,0.0036990940774759822,0.005534511708883811,0.0,0.0,0.5773502691896255,6.506407098647712,1811.2964040524494,mit Definition
E4,conll2003,validation,150.0,meta-llama-3.1-8b-instruct,False,5,True,True,text,1,2,3,0.8099957289717054,0.8855921676123087,0.746376811594203,0.0,0.0,30.333333333333332,4.0,229.66666666666666,0.0119197516558589,0.01957726859686387,0.009586055474871685,0.0,0.0,1.154700538379251,3.4641016151377544,137.76807806358238,ohne Definition
E5,conll2003,validation,150.0,meta-llama-3.1-8b-instruct,True,5,True,True,text,1,2,3,0.8144130306084897,0.9104679901140078,0.7367149758454107,0.0,0.0,30.333333333333332,7.666666666666667,0.0,0.002840620039682419,0.0036990940774759822,0.005534511708883811,0.0,0.0,0.5773502691896255,6.506407098647712,0.0,mit CoT
E5,conll2003,validation,150.0,meta-llama-3.1-8b-instruct,True,5,False,True,text,1,2,3,0.776326578751152,0.8526408653836751,0.71256038647343,0.0,0.0,21.666666666666668,0.3333333333333333,2284.7999999999997,0.007490991975182496,0.010676544694052081,0.005534511708883814,0.0,0.0,5.507570547286103,0.5773502691896258,3674.681824321665,ohne CoT
E6,conll2003,validation,150.0,meta-llama-3.1-8b-instruct,True,0,True,True,text,1,2,2,0.6245210727969348,0.6626016260162602,0.5905797101449275,8.0,75.0,25.0,15.0,61.5,0.0,0.0,0.0,0.0,0.0,0.0,0.0,86.97413408594535,k=0
E6,conll2003,validation,150.0,meta-llama-3.1-8b-instruct,True,10,True,True,text,1,2,2,0.8216350885826771,0.8954924021040327,0.7590579710144927,0.0,0.0,27.5,0.5,1559.25,0.023967509623141512,0.03197684815564536,0.017933867638789288,0.0,0.0,3.5355339059327378,0.7071067811865476,2022.2546835154071,k=10
E6,conll2003,validation,150.0,meta-llama-3.1-8b-instruct,True,2,True,True,text,1,2,2,0.77989898989899,0.8759071265492498,0.7028985507246377,0.0,0.0,28.0,3.5,254.95,0.00014284985478524054,0.0075963240721891355,0.005123962182511236,0.0,0.0,4.242640687119285,3.5355339059327378,179.95867581197635,k=2
E6,conll2003,validation,150.0,meta-llama-3.1-8b-instruct,True,5,True,True,text,1,2,2,0.8159970559528953,0.9107470302160567,0.7391304347826086,0.0,0.0,30.5,4.5,0.0,0.0010408778359520248,0.005186464471750183,0.005123962182511197,0.0,0.0,0.7071067811865476,4.949747468305833,0.0,k=5
E7,conll2003,validation,150.0,meta-llama-3.1-8b-instruct,True,5,True,True,text,1,2,2,0.8159970559528953,0.9107470302160567,0.7391304347826086,0.0,0.0,30.5,4.5,0.0,0.0010408778359520248,0.005186464471750183,0.005123962182511197,0.0,0.0,0.7071067811865476,4.949747468305833,0.0,mit Kandidaten
E7,conll2003,validation,150.0,meta-llama-3.1-8b-instruct,True,5,True,False,text,1,2,2,0.8174599256114019,0.9286230037376826,0.730072463768116,0.0,0.0,28.5,1.0,126.15,0.010950717242627578,0.015827611012797657,0.007685943273766855,0.0,0.0,7.7781745930520225,1.4142135623730951,1.9091883092036852,nur Entitäten
E8,conll2003,validation,150.0,meta-llama-3.1-8b-instruct,True,5,True,True,json,1,2,2,0.8133595284872298,0.8884120171673819,0.75,0.0,0.0,25.5,0.5,274.45,0.016670493859014982,0.01820875831381661,0.01537188654753371,0.0,0.0,2.1213203435596424,0.7071067811865476,201.3133006038101,"json, retry=an"
E8,conll2003,validation,150.0,meta-llama-3.1-8b-instruct,True,5,True,True,json,0,2,2,0.8133595284872298,0.8884120171673819,0.75,0.0,0.0,25.5,0.5,0.0,0.016670493859014982,0.01820875831381661,0.01537188654753371,0.0,0.0,2.1213203435596424,0.7071067811865476,0.0,"json, retry=aus"
E8,conll2003,validation,150.0,meta-llama-3.1-8b-instruct,True,0,True,True,text,1,2,2,0.6245210727969348,0.6626016260162602,0.5905797101449275,8.0,75.0,25.0,15.0,0.0,0.0,0.0,0.0,0.0,0.0,0.0,0.0,0.0,"k=0, text, retry=an"
E8,conll2003,validation,150.0,meta-llama-3.1-8b-instruct,True,0,True,True,text,0,2,2,0.0,0.0,0.0,150.0,0.0,0.0,0.0,0.0,0.0,0.0,0.0,0.0,0.0,0.0,0.0,0.0,"k=0, text, retry=aus"
E8,conll2003,validation,150.0,meta-llama-3.1-8b-instruct,True,5,True,True,text,1,2,2,0.8159970559528953,0.9107470302160567,0.7391304347826086,0.0,0.0,30.5,4.5,0.0,0.0010408778359520248,0.005186464471750183,0.005123962182511197,0.0,0.0,0.7071067811865476,4.949747468305833,0.0,"text, retry=an"
E8,conll2003,validation,150.0,meta-llama-3.1-8b-instruct,True,5,True,True,text,0,2,2,0.8159970559528953,0.9107470302160567,0.7391304347826086,0.0,0.0,30.5,4.5,0.0,0.0010408778359520248,0.005186464471750183,0.005123962182511197,0.0,0.0,0.7071067811865476,4.949747468305833,0.0,"text, retry=aus"
E9,conll2003,test,,bert-base-cased,False,0,False,False,finetune,0,2,1,0.9154631912645299,0.9106517168885775,0.9203257790368272,0.0,0.0,0.0,0.0,2096.0,0.0,0.0,0.0,0.0,0.0,0.0,0.0,0.0,conll2003-test-all/bert-base-cased
E9,conll2003,validation,150.0,bert-base-cased,False,0,False,False,finetune,0,2,1,0.9513513513513514,0.946236559139785,0.9565217391304348,0.0,0.0,0.0,0.0,2096.0,0.0,0.0,0.0,0.0,0.0,0.0,0.0,0.0,conll2003-validation-150/bert-base-cased
E9,germeval14,test,,bert-base-german-cased,False,0,False,False,finetune,0,2,1,0.8693637153615912,0.8716360116166505,0.8671032357473035,0.0,0.0,0.0,0.0,3594.2,0.0,0.0,0.0,0.0,0.0,0.0,0.0,0.0,germeval14-test-all/bert-base-german-cased
E9,germeval14,validation,150.0,bert-base-german-cased,False,0,False,False,finetune,0,2,1,0.9067524115755627,0.9096774193548387,0.9038461538461539,0.0,0.0,0.0,0.0,3594.2,0.0,0.0,0.0,0.0,0.0,0.0,0.0,0.0,germeval14-validation-150/bert-base-german-cased
